{"accuracy": [0.901098906993866, 0.8956043720245361, 0.901098906993866, 0.9120879173278809, 0.9120879173278809, 0.9175823926925659, 0.9175823926925659, 0.9230769276618958, 0.9230769276618958, 0.9285714030265808, 0.9285714030265808, 0.9340659379959106, 0.9340659379959106, 0.9395604133605957, 0.9395604133605957, 0.9395604133605957], "auc": [0.9695554375648499, 0.9760422706604004, 0.9750908613204956, 0.9793288111686707, 0.9802802801132202, 0.9808856844902039, 0.982010006904602, 0.9837397933006287, 0.98175048828125, 0.9840857982635498, 0.985642671585083, 0.9866805076599121, 0.9873723983764648, 0.9868534803390503, 0.9879778623580933, 0.9890157580375671], "loss": [0.42147937417030334, 0.3965030312538147, 0.3897487223148346, 0.3806977868080139, 0.3709973394870758, 0.3644813001155853, 0.3558427095413208, 0.34990400075912476, 0.34722182154655457, 0.333280086517334, 0.3279631435871124, 0.32037490606307983, 0.31381112337112427, 0.3090173006057739, 0.3013749420642853, 0.2948756515979767], "precision": [0.7346938848495483, 0.7037037014961243, 0.7169811129570007, 0.7358490824699402, 0.7358490824699402, 0.7407407164573669, 0.7407407164573669, 0.7647058963775635, 0.7547169923782349, 0.7592592835426331, 0.7692307829856873, 0.7843137383460999, 0.7843137383460999, 0.7884615659713745, 0.7884615659713745, 0.7884615659713745], "recall": [0.8780487775802612, 0.9268292784690857, 0.9268292784690857, 0.9512194991111755, 0.9512194991111755, 0.9756097793579102, 0.9756097793579102, 0.9512194991111755, 0.9756097793579102, 1.0, 0.9756097793579102, 0.9756097793579102, 0.9756097793579102, 1.0, 1.0, 1.0], "val_accuracy": [0.717391312122345, 0.695652186870575, 0.717391312122345, 0.695652186870575, 0.717391312122345, 0.739130437374115, 0.717391312122345, 0.717391312122345, 0.739130437374115, 0.695652186870575, 0.717391312122345, 0.717391312122345, 0.717391312122345, 0.717391312122345, 0.717391312122345, 0.717391312122345], "val_auc": [0.7879464626312256, 0.78125, 0.7801339626312256, 0.7801339626312256, 0.78125, 0.7756696343421936, 0.7823660373687744, 0.777901828289032, 0.7779017686843872, 0.7845982313156128, 0.7890625, 0.7834821939468384, 0.7823660373687744, 0.7845982313156128, 0.7868303656578064, 0.7890625], "val_loss": [0.522692084312439, 0.5382242798805237, 0.524779736995697, 0.5223500728607178, 0.5236250162124634, 0.532585620880127, 0.5209176540374756, 0.5154271125793457, 0.5314496159553528, 0.5187960267066956, 0.5153626799583435, 0.517271101474762, 0.525313675403595, 0.5224681496620178, 0.5174205303192139, 0.5182017683982849], "val_precision": [0.529411792755127, 0.5, 0.5333333611488342, 0.5, 0.5333333611488342, 0.5625, 0.5384615659713745, 0.5384615659713745, 0.5625, 0.5, 0.5384615659713745, 0.5384615659713745, 0.5333333611488342, 0.5384615659713745, 0.5384615659713745, 0.5384615659713745], "val_recall": [0.6428571343421936, 0.6428571343421936, 0.5714285969734192, 0.5, 0.5714285969734192, 0.6428571343421936, 0.5, 0.5, 0.6428571343421936, 0.5, 0.5, 0.5, 0.5714285969734192, 0.5, 0.5, 0.5]}